event_id,ip,http_method,requested_url,http_version,response_status,timestamp
0,127.0.0.1,GET,http://localhost:8088/,HTTP/1.1,200,2024-11-30 12:13:54
1,127.0.0.1,GET,http://localhost:8088/static/styles/custom.css,HTTP/1.1,200,2024-11-30 12:13:54
2,127.0.0.1,GET,http://localhost:8088/static/styles/bootstrap.min.css,HTTP/1.1,200,2024-11-30 12:13:54
3,127.0.0.1,GET,http://localhost:8088/static/logo.png,HTTP/1.1,200,2024-11-30 12:13:54
4,127.0.0.1,POST,http://localhost:8088/search,HTTP/1.1,200,2024-11-30 12:14:13
5,127.0.0.1,GET,http://localhost:8088/static/styles/custom.css,HTTP/1.1,304,2024-11-30 12:14:13
6,127.0.0.1,GET,http://localhost:8088/static/styles/bootstrap.min.css,HTTP/1.1,304,2024-11-30 12:14:13
7,127.0.0.1,GET,http://localhost:8088/static/logo.png,HTTP/1.1,304,2024-11-30 12:14:13
8,127.0.0.1,GET,http://localhost:8088/,HTTP/1.1,200,2024-12-02 11:34:10
9,127.0.0.1,GET,http://localhost:8088/static/styles/custom.css,HTTP/1.1,200,2024-12-02 11:34:10
10,127.0.0.1,GET,http://localhost:8088/static/logo.png,HTTP/1.1,200,2024-12-02 11:34:10
11,127.0.0.1,GET,http://localhost:8088/static/styles/bootstrap.min.css,HTTP/1.1,200,2024-12-02 11:34:10
12,127.0.0.1,GET,http://localhost:8088/apple-touch-icon-precomposed.png,HTTP/1.1,404,2024-12-02 11:34:10
13,127.0.0.1,GET,http://localhost:8088/apple-touch-icon.png,HTTP/1.1,404,2024-12-02 11:34:10
14,127.0.0.1,GET,http://localhost:8088/favicon.ico,HTTP/1.1,404,2024-12-02 11:34:10
15,127.0.0.1,POST,http://localhost:8088/search,HTTP/1.1,200,2024-12-02 11:37:20
16,127.0.0.1,GET,http://localhost:8088/static/styles/custom.css,HTTP/1.1,304,2024-12-02 11:37:20
17,127.0.0.1,GET,http://localhost:8088/static/styles/bootstrap.min.css,HTTP/1.1,304,2024-12-02 11:37:20
18,127.0.0.1,GET,http://localhost:8088/static/logo.png,HTTP/1.1,304,2024-12-02 11:37:20
19,127.0.0.1,POST,http://localhost:8088/search,HTTP/1.1,200,2024-12-02 11:39:58
20,127.0.0.1,GET,http://localhost:8088/static/styles/custom.css,HTTP/1.1,304,2024-12-02 11:39:59
21,127.0.0.1,GET,http://localhost:8088/static/styles/bootstrap.min.css,HTTP/1.1,304,2024-12-02 11:39:59
22,127.0.0.1,GET,http://localhost:8088/static/logo.png,HTTP/1.1,304,2024-12-02 11:39:59
23,127.0.0.1,POST,http://localhost:8088/search,HTTP/1.1,200,2024-12-02 11:41:12
24,127.0.0.1,GET,http://localhost:8088/static/styles/custom.css,HTTP/1.1,304,2024-12-02 11:41:12
25,127.0.0.1,GET,http://localhost:8088/static/styles/bootstrap.min.css,HTTP/1.1,304,2024-12-02 11:41:12
26,127.0.0.1,GET,http://localhost:8088/static/logo.png,HTTP/1.1,304,2024-12-02 11:41:12
27,127.0.0.1,POST,http://localhost:8088/search,HTTP/1.1,200,2024-12-02 11:46:51
28,127.0.0.1,GET,http://localhost:8088/static/styles/custom.css,HTTP/1.1,304,2024-12-02 11:46:51
29,127.0.0.1,GET,http://localhost:8088/static/logo.png,HTTP/1.1,304,2024-12-02 11:46:51
30,127.0.0.1,GET,http://localhost:8088/static/styles/bootstrap.min.css,HTTP/1.1,304,2024-12-02 11:46:51
31,127.0.0.1,POST,http://localhost:8088/search,HTTP/1.1,200,2024-12-02 11:48:36
32,127.0.0.1,GET,http://localhost:8088/static/styles/custom.css,HTTP/1.1,304,2024-12-02 11:48:36
33,127.0.0.1,GET,http://localhost:8088/static/logo.png,HTTP/1.1,304,2024-12-02 11:48:36
34,127.0.0.1,GET,http://localhost:8088/static/styles/bootstrap.min.css,HTTP/1.1,304,2024-12-02 11:48:36
35,127.0.0.1,POST,http://localhost:8088/search,HTTP/1.1,200,2024-12-02 11:58:38
36,127.0.0.1,GET,http://localhost:8088/static/styles/custom.css,HTTP/1.1,304,2024-12-02 11:58:38
37,127.0.0.1,GET,http://localhost:8088/static/logo.png,HTTP/1.1,304,2024-12-02 11:58:38
38,127.0.0.1,GET,http://localhost:8088/static/styles/bootstrap.min.css,HTTP/1.1,304,2024-12-02 11:58:38
39,127.0.0.1,POST,http://localhost:8088/search,HTTP/1.1,200,2024-12-02 11:59:59
40,127.0.0.1,GET,http://localhost:8088/static/styles/custom.css,HTTP/1.1,304,2024-12-02 11:59:59
41,127.0.0.1,GET,http://localhost:8088/static/styles/bootstrap.min.css,HTTP/1.1,304,2024-12-02 11:59:59
42,127.0.0.1,GET,http://localhost:8088/static/logo.png,HTTP/1.1,304,2024-12-02 11:59:59
43,127.0.0.1,POST,http://localhost:8088/search,HTTP/1.1,200,2024-12-02 12:01:09
44,127.0.0.1,GET,http://localhost:8088/static/logo.png,HTTP/1.1,304,2024-12-02 12:01:09
45,127.0.0.1,GET,http://localhost:8088/static/styles/custom.css,HTTP/1.1,304,2024-12-02 12:01:09
46,127.0.0.1,GET,http://localhost:8088/static/styles/bootstrap.min.css,HTTP/1.1,304,2024-12-02 12:01:09
47,127.0.0.1,GET,http://localhost:8088/,HTTP/1.1,200,2024-12-02 12:01:23
48,127.0.0.1,GET,http://localhost:8088/static/styles/custom.css,HTTP/1.1,304,2024-12-02 12:01:23
49,127.0.0.1,GET,http://localhost:8088/static/logo.png,HTTP/1.1,304,2024-12-02 12:01:23
50,127.0.0.1,GET,http://localhost:8088/static/styles/bootstrap.min.css,HTTP/1.1,304,2024-12-02 12:01:23
51,127.0.0.1,GET,http://localhost:8088/static/styles/custom.css,HTTP/1.1,304,2024-12-02 12:01:23
52,127.0.0.1,GET,http://localhost:8088/static/logo.png,HTTP/1.1,304,2024-12-02 12:01:23
53,127.0.0.1,GET,http://localhost:8088/static/styles/bootstrap.min.css,HTTP/1.1,304,2024-12-02 12:01:23
54,127.0.0.1,GET,http://localhost:8088/,HTTP/1.1,200,2024-12-03 15:24:54
55,127.0.0.1,GET,http://localhost:8088/static/styles/custom.css,HTTP/1.1,304,2024-12-03 15:24:54
56,127.0.0.1,GET,http://localhost:8088/static/logo.png,HTTP/1.1,304,2024-12-03 15:24:54
57,127.0.0.1,GET,http://localhost:8088/static/styles/bootstrap.min.css,HTTP/1.1,304,2024-12-03 15:24:54
58,127.0.0.1,POST,http://localhost:8088/search,HTTP/1.1,200,2024-12-03 15:25:04
59,127.0.0.1,GET,http://localhost:8088/static/styles/bootstrap.min.css,HTTP/1.1,304,2024-12-03 15:25:04
60,127.0.0.1,GET,http://localhost:8088/static/logo.png,HTTP/1.1,304,2024-12-03 15:25:04
61,127.0.0.1,GET,http://localhost:8088/static/styles/custom.css,HTTP/1.1,304,2024-12-03 15:25:04
62,127.0.0.1,POST,http://localhost:8088/search,HTTP/1.1,200,2024-12-03 16:00:27
63,127.0.0.1,GET,http://localhost:8088/static/styles/custom.css,HTTP/1.1,304,2024-12-03 16:00:27
64,127.0.0.1,GET,http://localhost:8088/static/logo.png,HTTP/1.1,304,2024-12-03 16:00:27
65,127.0.0.1,GET,http://localhost:8088/static/styles/bootstrap.min.css,HTTP/1.1,304,2024-12-03 16:00:27
66,127.0.0.1,GET,http://localhost:8088/hello,HTTP/1.1,404,2024-12-03 16:00:34
67,127.0.0.1,GET,http://localhost:8088/hello,HTTP/1.1,404,2024-12-03 16:01:07
68,127.0.0.1,POST,http://localhost:8088/search,HTTP/1.1,200,2024-12-03 16:13:26
69,127.0.0.1,GET,http://localhost:8088/static/styles/custom.css,HTTP/1.1,304,2024-12-03 16:13:26
70,127.0.0.1,GET,http://localhost:8088/static/logo.png,HTTP/1.1,304,2024-12-03 16:13:26
71,127.0.0.1,GET,http://localhost:8088/static/styles/bootstrap.min.css,HTTP/1.1,304,2024-12-03 16:13:26
72,127.0.0.1,POST,http://localhost:8088/search,HTTP/1.1,200,2024-12-03 16:14:30
73,127.0.0.1,GET,http://localhost:8088/static/styles/custom.css,HTTP/1.1,304,2024-12-03 16:14:30
74,127.0.0.1,GET,http://localhost:8088/static/styles/bootstrap.min.css,HTTP/1.1,304,2024-12-03 16:14:30
75,127.0.0.1,GET,http://localhost:8088/static/logo.png,HTTP/1.1,304,2024-12-03 16:14:30
76,127.0.0.1,POST,http://localhost:8088/search,HTTP/1.1,200,2024-12-03 16:15:16
77,127.0.0.1,GET,http://localhost:8088/static/logo.png,HTTP/1.1,304,2024-12-03 16:15:16
78,127.0.0.1,GET,http://localhost:8088/static/styles/custom.css,HTTP/1.1,304,2024-12-03 16:15:16
79,127.0.0.1,GET,http://localhost:8088/static/styles/bootstrap.min.css,HTTP/1.1,304,2024-12-03 16:15:16
80,127.0.0.1,POST,http://localhost:8088/search,HTTP/1.1,200,2024-12-03 16:15:58
81,127.0.0.1,GET,http://localhost:8088/static/logo.png,HTTP/1.1,304,2024-12-03 16:15:58
82,127.0.0.1,GET,http://localhost:8088/static/styles/custom.css,HTTP/1.1,304,2024-12-03 16:15:58
83,127.0.0.1,GET,http://localhost:8088/static/styles/bootstrap.min.css,HTTP/1.1,304,2024-12-03 16:15:58
84,127.0.0.1,POST,http://localhost:8088/search,HTTP/1.1,200,2024-12-03 16:16:03
85,127.0.0.1,GET,http://localhost:8088/static/styles/custom.css,HTTP/1.1,304,2024-12-03 16:16:03
86,127.0.0.1,GET,http://localhost:8088/static/logo.png,HTTP/1.1,304,2024-12-03 16:16:03
87,127.0.0.1,GET,http://localhost:8088/static/styles/bootstrap.min.css,HTTP/1.1,304,2024-12-03 16:16:03
88,127.0.0.1,GET,http://localhost:8088/search,HTTP/1.1,405,2024-12-03 16:26:01
89,127.0.0.1,GET,http://localhost:8088/,HTTP/1.1,200,2024-12-03 16:26:02
90,127.0.0.1,GET,http://localhost:8088/static/styles/custom.css,HTTP/1.1,304,2024-12-03 16:26:02
91,127.0.0.1,GET,http://localhost:8088/static/logo.png,HTTP/1.1,304,2024-12-03 16:26:02
92,127.0.0.1,GET,http://localhost:8088/static/styles/bootstrap.min.css,HTTP/1.1,304,2024-12-03 16:26:02
93,127.0.0.1,GET,http://localhost:8088/static/styles/custom.css,HTTP/1.1,304,2024-12-03 16:26:02
94,127.0.0.1,GET,http://localhost:8088/static/styles/bootstrap.min.css,HTTP/1.1,304,2024-12-03 16:26:02
95,127.0.0.1,GET,http://localhost:8088/static/logo.png,HTTP/1.1,304,2024-12-03 16:26:02
96,127.0.0.1,GET,http://localhost:8088/,HTTP/1.1,200,2024-12-03 16:26:54
97,127.0.0.1,GET,http://localhost:8088/static/logo.png,HTTP/1.1,304,2024-12-03 16:26:54
98,127.0.0.1,GET,http://localhost:8088/static/styles/custom.css,HTTP/1.1,304,2024-12-03 16:26:54
99,127.0.0.1,GET,http://localhost:8088/static/styles/bootstrap.min.css,HTTP/1.1,304,2024-12-03 16:26:54
100,127.0.0.1,POST,http://localhost:8088/search,HTTP/1.1,200,2024-12-03 16:27:04
101,127.0.0.1,GET,http://localhost:8088/static/styles/custom.css,HTTP/1.1,304,2024-12-03 16:27:04
102,127.0.0.1,GET,http://localhost:8088/static/logo.png,HTTP/1.1,304,2024-12-03 16:27:04
103,127.0.0.1,GET,http://localhost:8088/static/styles/bootstrap.min.css,HTTP/1.1,304,2024-12-03 16:27:04
104,127.0.0.1,POST,http://localhost:8088/search,HTTP/1.1,200,2024-12-03 16:27:23
105,127.0.0.1,GET,http://localhost:8088/static/logo.png,HTTP/1.1,304,2024-12-03 16:27:23
106,127.0.0.1,GET,http://localhost:8088/static/styles/custom.css,HTTP/1.1,304,2024-12-03 16:27:23
107,127.0.0.1,GET,http://localhost:8088/static/styles/bootstrap.min.css,HTTP/1.1,304,2024-12-03 16:27:23
108,10.80.136.213,GET,http://10.80.136.213:8088/,HTTP/1.1,200,2024-12-03 16:29:14
109,10.80.136.213,GET,http://10.80.136.213:8088/static/styles/bootstrap.min.css,HTTP/1.1,200,2024-12-03 16:29:14
110,10.80.136.213,GET,http://10.80.136.213:8088/static/styles/custom.css,HTTP/1.1,200,2024-12-03 16:29:14
111,10.80.136.213,GET,http://10.80.136.213:8088/static/logo.png,HTTP/1.1,200,2024-12-03 16:29:14
112,10.80.136.213,GET,http://10.80.136.213:8088/favicon.ico,HTTP/1.1,404,2024-12-03 16:29:14
113,10.80.136.213,GET,http://10.80.136.213:8088/,HTTP/1.1,200,2024-12-03 16:30:25
114,10.80.136.213,GET,http://10.80.136.213:8088/static/styles/bootstrap.min.css,HTTP/1.1,304,2024-12-03 16:30:25
115,10.80.136.213,GET,http://10.80.136.213:8088/static/styles/custom.css,HTTP/1.1,304,2024-12-03 16:30:25
116,10.80.136.213,GET,http://10.80.136.213:8088/static/logo.png,HTTP/1.1,304,2024-12-03 16:30:25
117,127.0.0.1,POST,http://localhost:8088/search,HTTP/1.1,200,2024-12-03 16:58:57
118,127.0.0.1,GET,http://localhost:8088/static/styles/bootstrap.min.css,HTTP/1.1,304,2024-12-03 16:58:57
119,127.0.0.1,GET,http://localhost:8088/static/styles/custom.css,HTTP/1.1,304,2024-12-03 16:58:57
120,127.0.0.1,GET,http://localhost:8088/static/logo.png,HTTP/1.1,304,2024-12-03 16:58:57
121,127.0.0.1,POST,http://localhost:8088/search,HTTP/1.1,200,2024-12-03 17:02:36
122,127.0.0.1,GET,http://localhost:8088/static/styles/custom.css,HTTP/1.1,304,2024-12-03 17:02:36
123,127.0.0.1,GET,http://localhost:8088/static/styles/bootstrap.min.css,HTTP/1.1,304,2024-12-03 17:02:36
124,127.0.0.1,GET,http://localhost:8088/static/logo.png,HTTP/1.1,304,2024-12-03 17:02:36
125,127.0.0.1,GET,http://localhost:8088/search,HTTP/1.1,405,2024-12-03 17:05:22
126,127.0.0.1,GET,http://localhost:8088/,HTTP/1.1,200,2024-12-03 17:05:27
127,127.0.0.1,GET,http://localhost:8088/static/logo.png,HTTP/1.1,304,2024-12-03 17:05:27
128,127.0.0.1,GET,http://localhost:8088/static/styles/bootstrap.min.css,HTTP/1.1,304,2024-12-03 17:05:27
129,127.0.0.1,GET,http://localhost:8088/static/styles/custom.css,HTTP/1.1,304,2024-12-03 17:05:27
130,127.0.0.1,POST,http://localhost:8088/search,HTTP/1.1,200,2024-12-03 17:05:38
131,127.0.0.1,GET,http://localhost:8088/static/styles/custom.css,HTTP/1.1,304,2024-12-03 17:05:38
132,127.0.0.1,GET,http://localhost:8088/static/styles/bootstrap.min.css,HTTP/1.1,304,2024-12-03 17:05:38
133,127.0.0.1,GET,http://localhost:8088/static/logo.png,HTTP/1.1,304,2024-12-03 17:05:38
134,127.0.0.1,POST,http://localhost:8088/search,HTTP/1.1,200,2024-12-03 17:06:37
135,127.0.0.1,GET,http://localhost:8088/static/styles/bootstrap.min.css,HTTP/1.1,304,2024-12-03 17:06:37
136,127.0.0.1,GET,http://localhost:8088/static/styles/custom.css,HTTP/1.1,304,2024-12-03 17:06:37
137,127.0.0.1,GET,http://localhost:8088/static/logo.png,HTTP/1.1,304,2024-12-03 17:06:37
138,127.0.0.1,POST,http://localhost:8088/search,HTTP/1.1,200,2024-12-03 17:08:17
139,127.0.0.1,GET,http://localhost:8088/static/styles/bootstrap.min.css,HTTP/1.1,304,2024-12-03 17:08:17
140,127.0.0.1,GET,http://localhost:8088/static/logo.png,HTTP/1.1,304,2024-12-03 17:08:17
141,127.0.0.1,GET,http://localhost:8088/static/styles/custom.css,HTTP/1.1,304,2024-12-03 17:08:17
142,127.0.0.1,POST,http://localhost:8088/clicked_doc?tweet_id=doc_5490&query=protests%20in%20india%202020&dwell_time=2,HTTP/1.1,204,2024-12-03 17:08:20
143,127.0.0.1,POST,http://localhost:8088/clicked_doc?tweet_id=doc_5485&query=protests%20in%20india%202020&dwell_time=2,HTTP/1.1,204,2024-12-03 17:08:34
144,127.0.0.1,POST,http://localhost:8088/search,HTTP/1.1,200,2024-12-03 17:21:43
145,127.0.0.1,GET,http://localhost:8088/static/styles/custom.css,HTTP/1.1,304,2024-12-03 17:21:43
146,127.0.0.1,GET,http://localhost:8088/static/logo.png,HTTP/1.1,304,2024-12-03 17:21:43
147,127.0.0.1,GET,http://localhost:8088/static/styles/bootstrap.min.css,HTTP/1.1,304,2024-12-03 17:21:43
148,127.0.0.1,POST,http://localhost:8088/clicked_doc?tweet_id=doc_5485&query=protests%20in%20india%202020&dwell_time=3,HTTP/1.1,204,2024-12-03 17:22:02
149,127.0.0.1,POST,http://localhost:8088/clicked_doc?tweet_id=doc_5485&query=protests%20in%20india%202020&dwell_time=3,HTTP/1.1,204,2024-12-03 17:22:02
150,127.0.0.1,POST,http://localhost:8088/search,HTTP/1.1,200,2024-12-03 17:23:10
151,127.0.0.1,GET,http://localhost:8088/static/styles/custom.css,HTTP/1.1,304,2024-12-03 17:23:10
152,127.0.0.1,GET,http://localhost:8088/static/logo.png,HTTP/1.1,304,2024-12-03 17:23:10
153,127.0.0.1,GET,http://localhost:8088/static/styles/bootstrap.min.css,HTTP/1.1,304,2024-12-03 17:23:10
154,127.0.0.1,POST,http://localhost:8088/clicked_doc?tweet_id=doc_16501&query=protests%20in%20india%202020&dwell_time=5,HTTP/1.1,204,2024-12-03 17:23:19
155,127.0.0.1,POST,http://localhost:8088/search,HTTP/1.1,200,2024-12-03 17:24:14
156,127.0.0.1,GET,http://localhost:8088/static/styles/custom.css,HTTP/1.1,304,2024-12-03 17:24:14
157,127.0.0.1,GET,http://localhost:8088/static/logo.png,HTTP/1.1,304,2024-12-03 17:24:14
158,127.0.0.1,GET,http://localhost:8088/static/styles/bootstrap.min.css,HTTP/1.1,304,2024-12-03 17:24:14
159,127.0.0.1,POST,http://localhost:8088/clicked_doc?tweet_id=doc_838&query=support%20farmers%20please&dwell_time=10,HTTP/1.1,204,2024-12-03 17:24:29
160,127.0.0.1,POST,http://localhost:8088/search,HTTP/1.1,200,2024-12-03 17:32:29
161,127.0.0.1,GET,http://localhost:8088/static/logo.png,HTTP/1.1,304,2024-12-03 17:32:29
162,127.0.0.1,GET,http://localhost:8088/static/styles/custom.css,HTTP/1.1,304,2024-12-03 17:32:29
163,127.0.0.1,GET,http://localhost:8088/static/styles/bootstrap.min.css,HTTP/1.1,304,2024-12-03 17:32:29
164,127.0.0.1,POST,http://localhost:8088/clicked_doc?tweet_id=doc_11176&query=support%20farmers%20please&dwell_time=23,HTTP/1.1,204,2024-12-03 17:32:57
165,127.0.0.1,POST,http://localhost:8088/clicked_doc?tweet_id=doc_4674&query=support%20farmers%20please&dwell_time=1,HTTP/1.1,204,2024-12-03 17:36:29
166,127.0.0.1,POST,http://localhost:8088/search,HTTP/1.1,200,2024-12-03 17:39:11
167,127.0.0.1,GET,http://localhost:8088/static/styles/custom.css,HTTP/1.1,304,2024-12-03 17:39:11
168,127.0.0.1,GET,http://localhost:8088/static/logo.png,HTTP/1.1,304,2024-12-03 17:39:11
169,127.0.0.1,GET,http://localhost:8088/static/styles/bootstrap.min.css,HTTP/1.1,304,2024-12-03 17:39:11
170,127.0.0.1,POST,http://localhost:8088/search,HTTP/1.1,200,2024-12-03 17:40:56
171,127.0.0.1,GET,http://localhost:8088/static/styles/custom.css,HTTP/1.1,304,2024-12-03 17:40:56
172,127.0.0.1,GET,http://localhost:8088/static/logo.png,HTTP/1.1,304,2024-12-03 17:40:56
173,127.0.0.1,GET,http://localhost:8088/static/styles/bootstrap.min.css,HTTP/1.1,304,2024-12-03 17:40:56
174,127.0.0.1,POST,http://localhost:8088/search,HTTP/1.1,200,2024-12-03 17:44:12
175,127.0.0.1,GET,http://localhost:8088/static/styles/custom.css,HTTP/1.1,304,2024-12-03 17:44:12
176,127.0.0.1,GET,http://localhost:8088/static/logo.png,HTTP/1.1,304,2024-12-03 17:44:12
177,127.0.0.1,GET,http://localhost:8088/static/styles/bootstrap.min.css,HTTP/1.1,304,2024-12-03 17:44:12
178,127.0.0.1,POST,http://localhost:8088/search,HTTP/1.1,200,2024-12-03 17:58:00
179,127.0.0.1,GET,http://localhost:8088/static/styles/custom.css,HTTP/1.1,304,2024-12-03 17:58:00
180,127.0.0.1,GET,http://localhost:8088/static/styles/bootstrap.min.css,HTTP/1.1,304,2024-12-03 17:58:00
181,127.0.0.1,GET,http://localhost:8088/static/logo.png,HTTP/1.1,304,2024-12-03 17:58:00
182,127.0.0.1,POST,http://localhost:8088/search,HTTP/1.1,200,2024-12-03 17:58:14
183,127.0.0.1,GET,http://localhost:8088/static/styles/custom.css,HTTP/1.1,304,2024-12-03 17:58:14
184,127.0.0.1,GET,http://localhost:8088/static/logo.png,HTTP/1.1,304,2024-12-03 17:58:14
185,127.0.0.1,GET,http://localhost:8088/static/styles/bootstrap.min.css,HTTP/1.1,304,2024-12-03 17:58:14
186,127.0.0.1,POST,http://localhost:8088/search,HTTP/1.1,200,2024-12-03 18:03:12
187,127.0.0.1,GET,http://localhost:8088/static/styles/custom.css,HTTP/1.1,304,2024-12-03 18:03:12
188,127.0.0.1,GET,http://localhost:8088/static/logo.png,HTTP/1.1,304,2024-12-03 18:03:12
189,127.0.0.1,GET,http://localhost:8088/static/styles/bootstrap.min.css,HTTP/1.1,304,2024-12-03 18:03:12
190,127.0.0.1,POST,http://localhost:8088/clicked_doc?tweet_id=doc_23286&query=protests&dwell_time=4,HTTP/1.1,204,2024-12-03 18:05:20
191,127.0.0.1,POST,http://localhost:8088/clicked_doc?tweet_id=doc_23286&query=protests&dwell_time=3,HTTP/1.1,204,2024-12-03 18:29:48
192,127.0.0.1,POST,http://localhost:8088/clicked_doc?tweet_id=doc_41653&query=protests&dwell_time=27,HTTP/1.1,204,2024-12-03 18:30:19
193,127.0.0.1,POST,http://localhost:8088/search,HTTP/1.1,200,2024-12-03 18:32:29
194,127.0.0.1,GET,http://localhost:8088/static/logo.png,HTTP/1.1,304,2024-12-03 18:32:29
195,127.0.0.1,GET,http://localhost:8088/static/styles/custom.css,HTTP/1.1,304,2024-12-03 18:32:29
196,127.0.0.1,GET,http://localhost:8088/static/styles/bootstrap.min.css,HTTP/1.1,304,2024-12-03 18:32:29
197,127.0.0.1,POST,http://localhost:8088/clicked_doc?tweet_id=doc_15731&query=problem%20in%20india%202020&dwell_time=2,HTTP/1.1,204,2024-12-03 18:32:39
198,127.0.0.1,GET,http://localhost:8088/sentiment,HTTP/1.1,200,2024-12-03 18:34:50
199,127.0.0.1,GET,http://localhost:8088/static/bootstrap.min.css,HTTP/1.1,404,2024-12-03 18:34:50
200,127.0.0.1,GET,http://localhost:8088/static/styles/custom.css,HTTP/1.1,304,2024-12-03 18:34:50
201,127.0.0.1,POST,http://localhost:8088/sentiment,HTTP/1.1,200,2024-12-03 18:34:58
202,127.0.0.1,GET,http://localhost:8088/static/bootstrap.min.css,HTTP/1.1,404,2024-12-03 18:34:58
203,127.0.0.1,GET,http://localhost:8088/static/styles/custom.css,HTTP/1.1,304,2024-12-03 18:34:58
204,127.0.0.1,POST,http://localhost:8088/sentiment,HTTP/1.1,200,2024-12-03 18:35:05
205,127.0.0.1,GET,http://localhost:8088/static/bootstrap.min.css,HTTP/1.1,404,2024-12-03 18:35:05
206,127.0.0.1,GET,http://localhost:8088/static/styles/custom.css,HTTP/1.1,304,2024-12-03 18:35:05
207,127.0.0.1,POST,http://localhost:8088/sentiment,HTTP/1.1,200,2024-12-03 18:35:08
208,127.0.0.1,GET,http://localhost:8088/static/bootstrap.min.css,HTTP/1.1,404,2024-12-03 18:35:08
209,127.0.0.1,GET,http://localhost:8088/static/styles/custom.css,HTTP/1.1,304,2024-12-03 18:35:08
210,127.0.0.1,POST,http://localhost:8088/sentiment,HTTP/1.1,200,2024-12-03 18:35:13
211,127.0.0.1,GET,http://localhost:8088/static/bootstrap.min.css,HTTP/1.1,404,2024-12-03 18:35:14
212,127.0.0.1,GET,http://localhost:8088/static/styles/custom.css,HTTP/1.1,304,2024-12-03 18:35:14
213,127.0.0.1,POST,http://localhost:8088/sentiment,HTTP/1.1,200,2024-12-03 18:35:20
214,127.0.0.1,GET,http://localhost:8088/static/bootstrap.min.css,HTTP/1.1,404,2024-12-03 18:35:20
215,127.0.0.1,GET,http://localhost:8088/static/styles/custom.css,HTTP/1.1,304,2024-12-03 18:35:20
216,127.0.0.1,POST,http://localhost:8088/sentiment,HTTP/1.1,200,2024-12-03 18:35:27
217,127.0.0.1,GET,http://localhost:8088/static/bootstrap.min.css,HTTP/1.1,404,2024-12-03 18:35:27
218,127.0.0.1,GET,http://localhost:8088/static/styles/custom.css,HTTP/1.1,304,2024-12-03 18:35:27
219,127.0.0.1,POST,http://localhost:8088/sentiment,HTTP/1.1,200,2024-12-03 18:36:27
220,127.0.0.1,GET,http://localhost:8088/static/bootstrap.min.css,HTTP/1.1,404,2024-12-03 18:36:27
221,127.0.0.1,GET,http://localhost:8088/static/styles/custom.css,HTTP/1.1,304,2024-12-03 18:36:27
222,127.0.0.1,POST,http://localhost:8088/sentiment,HTTP/1.1,200,2024-12-03 18:36:35
223,127.0.0.1,GET,http://localhost:8088/static/bootstrap.min.css,HTTP/1.1,404,2024-12-03 18:36:35
224,127.0.0.1,GET,http://localhost:8088/static/styles/custom.css,HTTP/1.1,304,2024-12-03 18:36:35
225,127.0.0.1,POST,http://localhost:8088/sentiment,HTTP/1.1,200,2024-12-03 18:36:49
226,127.0.0.1,GET,http://localhost:8088/static/bootstrap.min.css,HTTP/1.1,404,2024-12-03 18:36:49
227,127.0.0.1,GET,http://localhost:8088/static/styles/custom.css,HTTP/1.1,304,2024-12-03 18:36:49
228,127.0.0.1,POST,http://localhost:8088/sentiment,HTTP/1.1,200,2024-12-03 18:36:55
229,127.0.0.1,GET,http://localhost:8088/static/bootstrap.min.css,HTTP/1.1,404,2024-12-03 18:36:55
230,127.0.0.1,GET,http://localhost:8088/static/styles/custom.css,HTTP/1.1,304,2024-12-03 18:36:55
231,127.0.0.1,POST,http://localhost:8088/sentiment,HTTP/1.1,200,2024-12-03 18:37:05
232,127.0.0.1,GET,http://localhost:8088/static/bootstrap.min.css,HTTP/1.1,404,2024-12-03 18:37:05
233,127.0.0.1,GET,http://localhost:8088/static/styles/custom.css,HTTP/1.1,304,2024-12-03 18:37:05
234,127.0.0.1,POST,http://localhost:8088/sentiment,HTTP/1.1,200,2024-12-03 18:37:13
235,127.0.0.1,GET,http://localhost:8088/static/bootstrap.min.css,HTTP/1.1,404,2024-12-03 18:37:14
236,127.0.0.1,GET,http://localhost:8088/static/styles/custom.css,HTTP/1.1,304,2024-12-03 18:37:14
237,127.0.0.1,POST,http://localhost:8088/sentiment,HTTP/1.1,200,2024-12-03 18:37:28
238,127.0.0.1,GET,http://localhost:8088/static/bootstrap.min.css,HTTP/1.1,404,2024-12-03 18:37:28
239,127.0.0.1,GET,http://localhost:8088/static/styles/custom.css,HTTP/1.1,304,2024-12-03 18:37:28
240,127.0.0.1,POST,http://localhost:8088/sentiment,HTTP/1.1,200,2024-12-03 18:37:33
241,127.0.0.1,GET,http://localhost:8088/static/bootstrap.min.css,HTTP/1.1,404,2024-12-03 18:37:33
242,127.0.0.1,GET,http://localhost:8088/static/styles/custom.css,HTTP/1.1,304,2024-12-03 18:37:33
243,127.0.0.1,POST,http://localhost:8088/sentiment,HTTP/1.1,200,2024-12-03 18:37:49
244,127.0.0.1,GET,http://localhost:8088/static/bootstrap.min.css,HTTP/1.1,404,2024-12-03 18:37:49
245,127.0.0.1,GET,http://localhost:8088/static/styles/custom.css,HTTP/1.1,304,2024-12-03 18:37:49
246,127.0.0.1,POST,http://localhost:8088/sentiment,HTTP/1.1,200,2024-12-03 18:38:00
247,127.0.0.1,GET,http://localhost:8088/static/bootstrap.min.css,HTTP/1.1,404,2024-12-03 18:38:00
248,127.0.0.1,GET,http://localhost:8088/static/styles/custom.css,HTTP/1.1,304,2024-12-03 18:38:00
249,127.0.0.1,POST,http://localhost:8088/sentiment,HTTP/1.1,200,2024-12-03 18:38:16
250,127.0.0.1,GET,http://localhost:8088/static/bootstrap.min.css,HTTP/1.1,404,2024-12-03 18:38:16
251,127.0.0.1,GET,http://localhost:8088/static/styles/custom.css,HTTP/1.1,304,2024-12-03 18:38:16
252,127.0.0.1,POST,http://localhost:8088/sentiment,HTTP/1.1,200,2024-12-03 18:38:30
253,127.0.0.1,GET,http://localhost:8088/static/bootstrap.min.css,HTTP/1.1,404,2024-12-03 18:38:30
254,127.0.0.1,GET,http://localhost:8088/static/styles/custom.css,HTTP/1.1,304,2024-12-03 18:38:30
255,127.0.0.1,GET,http://localhost:8088/stats,HTTP/1.1,200,2024-12-03 18:47:04
256,127.0.0.1,GET,http://localhost:8088/static/styles/custom.css,HTTP/1.1,304,2024-12-03 18:47:04
257,127.0.0.1,GET,http://localhost:8088/static/logo.png,HTTP/1.1,304,2024-12-03 18:47:04
258,127.0.0.1,GET,http://localhost:8088/static/styles/bootstrap.min.css,HTTP/1.1,304,2024-12-03 18:47:04
259,127.0.0.1,GET,http://localhost:8088/stats,HTTP/1.1,200,2024-12-03 18:48:22
260,127.0.0.1,GET,http://localhost:8088/static/logo.png,HTTP/1.1,304,2024-12-03 18:48:22
261,127.0.0.1,GET,http://localhost:8088/static/styles/bootstrap.min.css,HTTP/1.1,304,2024-12-03 18:48:22
262,127.0.0.1,GET,http://localhost:8088/static/styles/bootstrap.min.css,HTTP/1.1,304,2024-12-03 18:48:22
263,127.0.0.1,GET,http://localhost:8088/static/styles/custom.css,HTTP/1.1,304,2024-12-03 18:48:22
264,127.0.0.1,GET,http://localhost:8088/static/logo.png,HTTP/1.1,304,2024-12-03 18:48:22
265,127.0.0.1,GET,http://localhost:8088/stats,HTTP/1.1,200,2024-12-03 18:48:48
266,127.0.0.1,GET,http://localhost:8088/static/logo.png,HTTP/1.1,304,2024-12-03 18:48:48
267,127.0.0.1,GET,http://localhost:8088/static/styles/bootstrap.min.css,HTTP/1.1,304,2024-12-03 18:48:48
268,127.0.0.1,GET,http://localhost:8088/static/logo.png,HTTP/1.1,304,2024-12-03 18:48:48
269,127.0.0.1,GET,http://localhost:8088/static/styles/bootstrap.min.css,HTTP/1.1,304,2024-12-03 18:48:48
270,127.0.0.1,GET,http://localhost:8088/static/styles/custom.css,HTTP/1.1,304,2024-12-03 18:48:48
271,127.0.0.1,GET,http://localhost:8088/stats,HTTP/1.1,200,2024-12-03 18:55:51
272,127.0.0.1,GET,http://localhost:8088/static/logo.png,HTTP/1.1,304,2024-12-03 18:55:51
273,127.0.0.1,GET,http://localhost:8088/static/styles/bootstrap.min.css,HTTP/1.1,304,2024-12-03 18:55:51
274,127.0.0.1,GET,http://localhost:8088/static/styles/bootstrap.min.css,HTTP/1.1,304,2024-12-03 18:55:51
275,127.0.0.1,GET,http://localhost:8088/static/styles/custom.css,HTTP/1.1,304,2024-12-03 18:55:51
276,127.0.0.1,GET,http://localhost:8088/static/logo.png,HTTP/1.1,304,2024-12-03 18:55:51
277,127.0.0.1,GET,http://localhost:8088/stats,HTTP/1.1,200,2024-12-03 19:00:02
278,127.0.0.1,GET,http://localhost:8088/static/logo.png,HTTP/1.1,304,2024-12-03 19:00:02
279,127.0.0.1,GET,http://localhost:8088/static/styles/custom.css,HTTP/1.1,304,2024-12-03 19:00:02
280,127.0.0.1,GET,http://localhost:8088/static/styles/bootstrap.min.css,HTTP/1.1,304,2024-12-03 19:00:02
281,127.0.0.1,GET,http://localhost:8088/static/logo.png,HTTP/1.1,304,2024-12-03 19:02:01
282,127.0.0.1,GET,http://localhost:8088/static/styles/bootstrap.min.css,HTTP/1.1,304,2024-12-03 19:02:01
283,127.0.0.1,GET,http://localhost:8088/stats,HTTP/1.1,200,2024-12-03 19:03:38
284,127.0.0.1,GET,http://localhost:8088/static/styles/custom.css,HTTP/1.1,304,2024-12-03 19:03:38
285,127.0.0.1,GET,http://localhost:8088/static/logo.png,HTTP/1.1,304,2024-12-03 19:03:38
286,127.0.0.1,GET,http://localhost:8088/static/styles/bootstrap.min.css,HTTP/1.1,304,2024-12-03 19:03:38
287,127.0.0.1,GET,http://localhost:8088/stats,HTTP/1.1,200,2024-12-03 19:05:23
288,127.0.0.1,GET,http://localhost:8088/static/styles/custom.css,HTTP/1.1,304,2024-12-03 19:05:23
289,127.0.0.1,GET,http://localhost:8088/static/logo.png,HTTP/1.1,304,2024-12-03 19:05:23
290,127.0.0.1,GET,http://localhost:8088/static/styles/bootstrap.min.css,HTTP/1.1,304,2024-12-03 19:05:23
291,127.0.0.1,GET,http://localhost:8088/stats,HTTP/1.1,200,2024-12-03 19:13:58
292,127.0.0.1,GET,http://localhost:8088/static/styles/custom.css,HTTP/1.1,304,2024-12-03 19:13:58
293,127.0.0.1,GET,http://localhost:8088/static/logo.png,HTTP/1.1,304,2024-12-03 19:13:58
294,127.0.0.1,GET,http://localhost:8088/static/styles/bootstrap.min.css,HTTP/1.1,304,2024-12-03 19:13:58
295,127.0.0.1,GET,http://localhost:8088/stats,HTTP/1.1,200,2024-12-03 19:18:52
296,127.0.0.1,GET,http://localhost:8088/static/logo.png,HTTP/1.1,304,2024-12-03 19:18:52
297,127.0.0.1,GET,http://localhost:8088/static/styles/custom.css,HTTP/1.1,304,2024-12-03 19:18:52
298,127.0.0.1,GET,http://localhost:8088/static/styles/bootstrap.min.css,HTTP/1.1,304,2024-12-03 19:18:52
299,127.0.0.1,GET,http://localhost:8088/stats,HTTP/1.1,200,2024-12-03 19:20:13
300,127.0.0.1,GET,http://localhost:8088/static/styles/custom.css,HTTP/1.1,304,2024-12-03 19:20:13
301,127.0.0.1,GET,http://localhost:8088/static/logo.png,HTTP/1.1,304,2024-12-03 19:20:13
302,127.0.0.1,GET,http://localhost:8088/static/styles/bootstrap.min.css,HTTP/1.1,304,2024-12-03 19:20:13
303,127.0.0.1,GET,http://localhost:8088/stats,HTTP/1.1,200,2024-12-03 19:20:49
304,127.0.0.1,GET,http://localhost:8088/static/styles/bootstrap.min.css,HTTP/1.1,304,2024-12-03 19:20:49
305,127.0.0.1,GET,http://localhost:8088/static/styles/custom.css,HTTP/1.1,304,2024-12-03 19:20:49
306,127.0.0.1,GET,http://localhost:8088/static/logo.png,HTTP/1.1,304,2024-12-03 19:20:49
307,127.0.0.1,GET,http://localhost:8088/stats,HTTP/1.1,200,2024-12-03 19:20:51
308,127.0.0.1,GET,http://localhost:8088/static/styles/custom.css,HTTP/1.1,304,2024-12-03 19:20:51
309,127.0.0.1,GET,http://localhost:8088/static/styles/bootstrap.min.css,HTTP/1.1,304,2024-12-03 19:20:51
310,127.0.0.1,GET,http://localhost:8088/static/logo.png,HTTP/1.1,304,2024-12-03 19:20:51
311,127.0.0.1,GET,http://localhost:8088/stats,HTTP/1.1,200,2024-12-03 19:20:51
312,127.0.0.1,GET,http://localhost:8088/static/styles/bootstrap.min.css,HTTP/1.1,304,2024-12-03 19:20:51
313,127.0.0.1,GET,http://localhost:8088/static/styles/custom.css,HTTP/1.1,304,2024-12-03 19:20:51
314,127.0.0.1,GET,http://localhost:8088/static/logo.png,HTTP/1.1,304,2024-12-03 19:20:51
315,127.0.0.1,GET,http://localhost:8088/,HTTP/1.1,200,2024-12-03 19:22:08
316,127.0.0.1,GET,http://localhost:8088/static/styles/bootstrap.min.css,HTTP/1.1,304,2024-12-03 19:22:08
317,127.0.0.1,GET,http://localhost:8088/static/logo.png,HTTP/1.1,304,2024-12-03 19:22:08
318,127.0.0.1,GET,http://localhost:8088/static/styles/custom.css,HTTP/1.1,304,2024-12-03 19:22:08
319,127.0.0.1,POST,http://localhost:8088/search,HTTP/1.1,200,2024-12-03 19:22:17
320,127.0.0.1,GET,http://localhost:8088/static/styles/custom.css,HTTP/1.1,304,2024-12-03 19:22:17
321,127.0.0.1,GET,http://localhost:8088/static/styles/bootstrap.min.css,HTTP/1.1,304,2024-12-03 19:22:17
322,127.0.0.1,GET,http://localhost:8088/static/logo.png,HTTP/1.1,304,2024-12-03 19:22:17
323,127.0.0.1,POST,http://localhost:8088/clicked_doc?tweet_id=doc_5490&query=protests%20in%20india%202020&dwell_time=12,HTTP/1.1,204,2024-12-03 19:22:38
324,127.0.0.1,GET,http://localhost:8088/stats,HTTP/1.1,200,2024-12-03 19:22:54
325,127.0.0.1,GET,http://localhost:8088/static/styles/custom.css,HTTP/1.1,304,2024-12-03 19:22:54
326,127.0.0.1,GET,http://localhost:8088/static/logo.png,HTTP/1.1,304,2024-12-03 19:22:54
327,127.0.0.1,GET,http://localhost:8088/static/styles/bootstrap.min.css,HTTP/1.1,304,2024-12-03 19:22:54
328,127.0.0.1,GET,http://localhost:8088/stats,HTTP/1.1,200,2024-12-03 19:24:41
329,127.0.0.1,GET,http://localhost:8088/static/styles/custom.css,HTTP/1.1,304,2024-12-03 19:24:41
330,127.0.0.1,GET,http://localhost:8088/static/logo.png,HTTP/1.1,304,2024-12-03 19:24:41
331,127.0.0.1,GET,http://localhost:8088/static/styles/bootstrap.min.css,HTTP/1.1,304,2024-12-03 19:24:41
332,127.0.0.1,GET,http://localhost:8088/stats,HTTP/1.1,200,2024-12-03 19:25:13
333,127.0.0.1,GET,http://localhost:8088/static/styles/custom.css,HTTP/1.1,304,2024-12-03 19:25:13
334,127.0.0.1,GET,http://localhost:8088/static/logo.png,HTTP/1.1,304,2024-12-03 19:25:13
335,127.0.0.1,GET,http://localhost:8088/static/styles/bootstrap.min.css,HTTP/1.1,304,2024-12-03 19:25:13
336,127.0.0.1,GET,http://localhost:8088/stats,HTTP/1.1,200,2024-12-03 19:25:40
337,127.0.0.1,GET,http://localhost:8088/static/styles/custom.css,HTTP/1.1,304,2024-12-03 19:25:40
338,127.0.0.1,GET,http://localhost:8088/static/logo.png,HTTP/1.1,304,2024-12-03 19:25:40
339,127.0.0.1,GET,http://localhost:8088/static/styles/bootstrap.min.css,HTTP/1.1,304,2024-12-03 19:25:40
340,127.0.0.1,GET,http://localhost:8088/stats,HTTP/1.1,200,2024-12-03 19:25:46
341,127.0.0.1,GET,http://localhost:8088/static/logo.png,HTTP/1.1,304,2024-12-03 19:25:46
342,127.0.0.1,GET,http://localhost:8088/static/styles/bootstrap.min.css,HTTP/1.1,304,2024-12-03 19:25:46
343,127.0.0.1,GET,http://localhost:8088/static/styles/custom.css,HTTP/1.1,304,2024-12-03 19:25:46
344,127.0.0.1,GET,http://localhost:8088/stats,HTTP/1.1,200,2024-12-03 19:27:23
345,127.0.0.1,GET,http://localhost:8088/static/logo.png,HTTP/1.1,304,2024-12-03 19:27:23
346,127.0.0.1,GET,http://localhost:8088/static/styles/custom.css,HTTP/1.1,304,2024-12-03 19:27:23
347,127.0.0.1,GET,http://localhost:8088/static/styles/bootstrap.min.css,HTTP/1.1,304,2024-12-03 19:27:23
348,127.0.0.1,GET,http://localhost:8088/stats,HTTP/1.1,200,2024-12-03 19:27:37
349,127.0.0.1,GET,http://localhost:8088/static/styles/bootstrap.min.css,HTTP/1.1,304,2024-12-03 19:27:37
350,127.0.0.1,GET,http://localhost:8088/static/logo.png,HTTP/1.1,304,2024-12-03 19:27:37
351,127.0.0.1,GET,http://localhost:8088/static/styles/custom.css,HTTP/1.1,304,2024-12-03 19:27:37
352,127.0.0.1,GET,http://localhost:8088/,HTTP/1.1,200,2024-12-03 19:27:46
353,127.0.0.1,GET,http://localhost:8088/static/styles/custom.css,HTTP/1.1,304,2024-12-03 19:27:46
354,127.0.0.1,GET,http://localhost:8088/static/styles/bootstrap.min.css,HTTP/1.1,304,2024-12-03 19:27:46
355,127.0.0.1,GET,http://localhost:8088/static/logo.png,HTTP/1.1,304,2024-12-03 19:27:46
356,127.0.0.1,GET,http://localhost:8088/static/logo.png,HTTP/1.1,304,2024-12-03 19:27:46
357,127.0.0.1,GET,http://localhost:8088/static/styles/custom.css,HTTP/1.1,304,2024-12-03 19:27:46
358,127.0.0.1,GET,http://localhost:8088/static/styles/bootstrap.min.css,HTTP/1.1,304,2024-12-03 19:27:46
359,127.0.0.1,GET,http://localhost:8088/stats,HTTP/1.1,200,2024-12-03 19:27:52
360,127.0.0.1,GET,http://localhost:8088/static/styles/custom.css,HTTP/1.1,304,2024-12-03 19:27:52
361,127.0.0.1,GET,http://localhost:8088/static/styles/bootstrap.min.css,HTTP/1.1,304,2024-12-03 19:27:52
362,127.0.0.1,GET,http://localhost:8088/static/logo.png,HTTP/1.1,304,2024-12-03 19:27:52
363,127.0.0.1,GET,http://localhost:8088/stats,HTTP/1.1,200,2024-12-03 19:29:15
364,127.0.0.1,GET,http://localhost:8088/static/styles/custom.css,HTTP/1.1,304,2024-12-03 19:29:15
365,127.0.0.1,GET,http://localhost:8088/static/logo.png,HTTP/1.1,304,2024-12-03 19:29:15
366,127.0.0.1,GET,http://localhost:8088/static/styles/bootstrap.min.css,HTTP/1.1,304,2024-12-03 19:29:15
367,127.0.0.1,GET,http://localhost:8088/stats,HTTP/1.1,200,2024-12-03 19:29:42
368,127.0.0.1,GET,http://localhost:8088/static/styles/bootstrap.min.css,HTTP/1.1,304,2024-12-03 19:29:42
369,127.0.0.1,GET,http://localhost:8088/static/styles/custom.css,HTTP/1.1,304,2024-12-03 19:29:42
370,127.0.0.1,GET,http://localhost:8088/static/logo.png,HTTP/1.1,304,2024-12-03 19:29:42
371,127.0.0.1,GET,http://localhost:8088/s,HTTP/1.1,404,2024-12-03 19:29:42
372,127.0.0.1,GET,http://localhost:8088/,HTTP/1.1,200,2024-12-03 19:29:45
373,127.0.0.1,GET,http://localhost:8088/static/styles/custom.css,HTTP/1.1,304,2024-12-03 19:29:45
374,127.0.0.1,GET,http://localhost:8088/static/logo.png,HTTP/1.1,304,2024-12-03 19:29:45
375,127.0.0.1,GET,http://localhost:8088/static/styles/bootstrap.min.css,HTTP/1.1,304,2024-12-03 19:29:45
376,127.0.0.1,GET,http://localhost:8088/static/styles/custom.css,HTTP/1.1,304,2024-12-03 19:29:45
377,127.0.0.1,GET,http://localhost:8088/static/logo.png,HTTP/1.1,304,2024-12-03 19:29:45
378,127.0.0.1,GET,http://localhost:8088/static/styles/bootstrap.min.css,HTTP/1.1,304,2024-12-03 19:29:45
379,127.0.0.1,POST,http://localhost:8088/search,HTTP/1.1,200,2024-12-03 19:29:54
380,127.0.0.1,GET,http://localhost:8088/static/styles/bootstrap.min.css,HTTP/1.1,304,2024-12-03 19:29:54
381,127.0.0.1,GET,http://localhost:8088/static/styles/custom.css,HTTP/1.1,304,2024-12-03 19:29:54
382,127.0.0.1,GET,http://localhost:8088/static/logo.png,HTTP/1.1,304,2024-12-03 19:29:54
383,127.0.0.1,POST,http://localhost:8088/clicked_doc?tweet_id=doc_7815&query=protests%20in%20india%202021&dwell_time=24,HTTP/1.1,204,2024-12-03 19:30:24
384,127.0.0.1,POST,http://localhost:8088/search,HTTP/1.1,200,2024-12-03 19:30:27
385,127.0.0.1,GET,http://localhost:8088/static/styles/custom.css,HTTP/1.1,304,2024-12-03 19:30:27
386,127.0.0.1,GET,http://localhost:8088/static/logo.png,HTTP/1.1,304,2024-12-03 19:30:27
387,127.0.0.1,GET,http://localhost:8088/static/styles/bootstrap.min.css,HTTP/1.1,304,2024-12-03 19:30:27
388,127.0.0.1,POST,http://localhost:8088/clicked_doc?tweet_id=doc_7815&query=protests%20in%20india%202021&dwell_time=4,HTTP/1.1,204,2024-12-03 19:30:34
389,127.0.0.1,POST,http://localhost:8088/search,HTTP/1.1,200,2024-12-03 19:31:03
390,127.0.0.1,GET,http://localhost:8088/static/styles/bootstrap.min.css,HTTP/1.1,304,2024-12-03 19:31:03
391,127.0.0.1,GET,http://localhost:8088/static/styles/custom.css,HTTP/1.1,304,2024-12-03 19:31:03
392,127.0.0.1,GET,http://localhost:8088/static/logo.png,HTTP/1.1,304,2024-12-03 19:31:03
393,127.0.0.1,POST,http://localhost:8088/search,HTTP/1.1,200,2024-12-03 19:31:09
394,127.0.0.1,GET,http://localhost:8088/static/styles/custom.css,HTTP/1.1,304,2024-12-03 19:31:09
395,127.0.0.1,GET,http://localhost:8088/static/styles/bootstrap.min.css,HTTP/1.1,304,2024-12-03 19:31:09
396,127.0.0.1,GET,http://localhost:8088/static/logo.png,HTTP/1.1,304,2024-12-03 19:31:09
397,127.0.0.1,GET,http://localhost:8088/dashboard,HTTP/1.1,200,2024-12-03 19:35:58
398,127.0.0.1,GET,http://localhost:8088/static/styles/custom.css,HTTP/1.1,304,2024-12-03 19:35:58
399,127.0.0.1,GET,http://localhost:8088/static/styles/bootstrap.min.css,HTTP/1.1,304,2024-12-03 19:35:58
400,127.0.0.1,GET,http://localhost:8088/static/logo.png,HTTP/1.1,304,2024-12-03 19:35:58
401,127.0.0.1,GET,http://localhost:8088/dashboard,HTTP/1.1,200,2024-12-03 19:36:21
402,127.0.0.1,GET,http://localhost:8088/static/styles/custom.css,HTTP/1.1,304,2024-12-03 19:36:21
403,127.0.0.1,GET,http://localhost:8088/static/styles/bootstrap.min.css,HTTP/1.1,304,2024-12-03 19:36:21
404,127.0.0.1,GET,http://localhost:8088/static/logo.png,HTTP/1.1,304,2024-12-03 19:36:21
405,127.0.0.1,GET,http://localhost:8088/,HTTP/1.1,200,2024-12-03 19:41:58
406,127.0.0.1,GET,http://localhost:8088/static/styles/bootstrap.min.css,HTTP/1.1,200,2024-12-03 19:41:58
407,127.0.0.1,GET,http://localhost:8088/static/styles/custom.css,HTTP/1.1,200,2024-12-03 19:41:58
408,127.0.0.1,GET,http://localhost:8088/static/logo.png,HTTP/1.1,200,2024-12-03 19:41:58
409,127.0.0.1,GET,http://localhost:8088/favicon.ico,HTTP/1.1,404,2024-12-03 19:41:58
410,127.0.0.1,GET,http://localhost:8088/dashboard,HTTP/1.1,200,2024-12-03 19:42:02
411,127.0.0.1,GET,http://localhost:8088/static/styles/bootstrap.min.css,HTTP/1.1,304,2024-12-03 19:42:02
412,127.0.0.1,GET,http://localhost:8088/static/styles/custom.css,HTTP/1.1,304,2024-12-03 19:42:02
413,127.0.0.1,GET,http://localhost:8088/static/logo.png,HTTP/1.1,304,2024-12-03 19:42:02
414,127.0.0.1,GET,http://localhost:8088/static/styles/bootstrap.min.css,HTTP/1.1,304,2024-12-03 19:42:06
415,127.0.0.1,GET,http://localhost:8088/static/styles/custom.css,HTTP/1.1,304,2024-12-03 19:42:06
416,127.0.0.1,GET,http://localhost:8088/static/styles/bootstrap.min.css.map,HTTP/1.1,200,2024-12-03 19:42:06
417,127.0.0.1,GET,http://localhost:8088/dashboard,HTTP/1.1,200,2024-12-03 19:42:45
418,127.0.0.1,GET,http://localhost:8088/static/styles/bootstrap.min.css,HTTP/1.1,304,2024-12-03 19:42:45
419,127.0.0.1,GET,http://localhost:8088/static/logo.png,HTTP/1.1,304,2024-12-03 19:42:45
420,127.0.0.1,GET,http://localhost:8088/static/styles/custom.css,HTTP/1.1,304,2024-12-03 19:42:45
421,127.0.0.1,GET,http://localhost:8088/static/styles/bootstrap.min.css,HTTP/1.1,304,2024-12-03 19:42:46
422,127.0.0.1,GET,http://localhost:8088/static/styles/custom.css,HTTP/1.1,304,2024-12-03 19:42:46
423,127.0.0.1,GET,http://localhost:8088/static/styles/bootstrap.min.css.map,HTTP/1.1,304,2024-12-03 19:42:47
424,127.0.0.1,GET,http://localhost:8088/dashboard,HTTP/1.1,200,2024-12-03 19:43:05
425,127.0.0.1,GET,http://localhost:8088/static/styles/custom.css,HTTP/1.1,304,2024-12-03 19:43:05
426,127.0.0.1,GET,http://localhost:8088/static/styles/bootstrap.min.css,HTTP/1.1,304,2024-12-03 19:43:05
427,127.0.0.1,GET,http://localhost:8088/static/logo.png,HTTP/1.1,304,2024-12-03 19:43:05
428,127.0.0.1,GET,http://localhost:8088/static/styles/bootstrap.min.css,HTTP/1.1,304,2024-12-03 19:43:07
429,127.0.0.1,GET,http://localhost:8088/static/styles/custom.css,HTTP/1.1,304,2024-12-03 19:43:07
430,127.0.0.1,GET,http://localhost:8088/static/styles/bootstrap.min.css.map,HTTP/1.1,304,2024-12-03 19:43:07
431,127.0.0.1,GET,http://localhost:8088/dashboard,HTTP/1.1,200,2024-12-03 19:43:10
432,127.0.0.1,GET,http://localhost:8088/static/styles/bootstrap.min.css,HTTP/1.1,304,2024-12-03 19:43:10
433,127.0.0.1,GET,http://localhost:8088/static/styles/custom.css,HTTP/1.1,304,2024-12-03 19:43:10
434,127.0.0.1,GET,http://localhost:8088/static/logo.png,HTTP/1.1,304,2024-12-03 19:43:10
435,127.0.0.1,GET,http://localhost:8088/static/styles/bootstrap.min.css,HTTP/1.1,304,2024-12-03 19:43:12
436,127.0.0.1,GET,http://localhost:8088/static/styles/custom.css,HTTP/1.1,304,2024-12-03 19:43:12
437,127.0.0.1,GET,http://localhost:8088/static/styles/bootstrap.min.css.map,HTTP/1.1,304,2024-12-03 19:43:12
438,127.0.0.1,GET,http://localhost:8088/dashboard,HTTP/1.1,200,2024-12-03 19:44:36
439,127.0.0.1,GET,http://localhost:8088/static/styles/custom.css,HTTP/1.1,304,2024-12-03 19:44:36
440,127.0.0.1,GET,http://localhost:8088/static/styles/bootstrap.min.css,HTTP/1.1,304,2024-12-03 19:44:36
441,127.0.0.1,GET,http://localhost:8088/static/logo.png,HTTP/1.1,304,2024-12-03 19:44:36
442,127.0.0.1,GET,http://localhost:8088/dashboard,HTTP/1.1,200,2024-12-03 19:44:37
443,127.0.0.1,GET,http://localhost:8088/static/styles/bootstrap.min.css,HTTP/1.1,304,2024-12-03 19:44:37
444,127.0.0.1,GET,http://localhost:8088/static/styles/custom.css,HTTP/1.1,304,2024-12-03 19:44:37
445,127.0.0.1,GET,http://localhost:8088/static/logo.png,HTTP/1.1,304,2024-12-03 19:44:37
446,127.0.0.1,GET,http://localhost:8088/dashboard,HTTP/1.1,200,2024-12-03 19:44:37
447,127.0.0.1,GET,http://localhost:8088/static/styles/bootstrap.min.css,HTTP/1.1,304,2024-12-03 19:44:37
448,127.0.0.1,GET,http://localhost:8088/static/styles/custom.css,HTTP/1.1,304,2024-12-03 19:44:37
449,127.0.0.1,GET,http://localhost:8088/static/logo.png,HTTP/1.1,304,2024-12-03 19:44:37
450,127.0.0.1,GET,http://localhost:8088/dashboard,HTTP/1.1,200,2024-12-03 19:44:37
451,127.0.0.1,GET,http://localhost:8088/static/styles/bootstrap.min.css,HTTP/1.1,304,2024-12-03 19:44:37
452,127.0.0.1,GET,http://localhost:8088/static/styles/custom.css,HTTP/1.1,304,2024-12-03 19:44:37
453,127.0.0.1,GET,http://localhost:8088/static/logo.png,HTTP/1.1,304,2024-12-03 19:44:37
454,127.0.0.1,GET,http://localhost:8088/dashboard,HTTP/1.1,200,2024-12-03 19:44:37
455,127.0.0.1,GET,http://localhost:8088/static/styles/bootstrap.min.css,HTTP/1.1,304,2024-12-03 19:44:37
456,127.0.0.1,GET,http://localhost:8088/static/styles/custom.css,HTTP/1.1,304,2024-12-03 19:44:37
457,127.0.0.1,GET,http://localhost:8088/static/logo.png,HTTP/1.1,304,2024-12-03 19:44:37
458,127.0.0.1,GET,http://localhost:8088/dashboard,HTTP/1.1,200,2024-12-03 19:44:37
459,127.0.0.1,GET,http://localhost:8088/static/styles/custom.css,HTTP/1.1,304,2024-12-03 19:44:37
460,127.0.0.1,GET,http://localhost:8088/static/styles/bootstrap.min.css,HTTP/1.1,304,2024-12-03 19:44:37
461,127.0.0.1,GET,http://localhost:8088/static/logo.png,HTTP/1.1,304,2024-12-03 19:44:37
462,127.0.0.1,GET,http://localhost:8088/dashboard,HTTP/1.1,200,2024-12-03 19:44:37
463,127.0.0.1,GET,http://localhost:8088/static/styles/bootstrap.min.css,HTTP/1.1,304,2024-12-03 19:44:37
464,127.0.0.1,GET,http://localhost:8088/static/styles/custom.css,HTTP/1.1,304,2024-12-03 19:44:37
465,127.0.0.1,GET,http://localhost:8088/static/logo.png,HTTP/1.1,304,2024-12-03 19:44:37
466,127.0.0.1,GET,http://localhost:8088/dashboard,HTTP/1.1,200,2024-12-03 19:44:37
467,127.0.0.1,GET,http://localhost:8088/static/styles/bootstrap.min.css,HTTP/1.1,304,2024-12-03 19:44:38
468,127.0.0.1,GET,http://localhost:8088/static/styles/custom.css,HTTP/1.1,304,2024-12-03 19:44:38
469,127.0.0.1,GET,http://localhost:8088/static/logo.png,HTTP/1.1,304,2024-12-03 19:44:38
470,127.0.0.1,GET,http://localhost:8088/dashboard,HTTP/1.1,200,2024-12-03 19:44:38
471,127.0.0.1,GET,http://localhost:8088/static/styles/bootstrap.min.css,HTTP/1.1,304,2024-12-03 19:44:38
472,127.0.0.1,GET,http://localhost:8088/static/styles/custom.css,HTTP/1.1,304,2024-12-03 19:44:38
473,127.0.0.1,GET,http://localhost:8088/static/logo.png,HTTP/1.1,304,2024-12-03 19:44:38
474,127.0.0.1,GET,http://localhost:8088/dashboard,HTTP/1.1,200,2024-12-03 19:44:38
475,127.0.0.1,GET,http://localhost:8088/static/styles/bootstrap.min.css,HTTP/1.1,304,2024-12-03 19:44:38
476,127.0.0.1,GET,http://localhost:8088/static/styles/custom.css,HTTP/1.1,304,2024-12-03 19:44:38
477,127.0.0.1,GET,http://localhost:8088/static/logo.png,HTTP/1.1,304,2024-12-03 19:44:38
478,127.0.0.1,GET,http://localhost:8088/dashboard,HTTP/1.1,200,2024-12-03 19:44:38
479,127.0.0.1,GET,http://localhost:8088/static/styles/bootstrap.min.css,HTTP/1.1,304,2024-12-03 19:44:38
480,127.0.0.1,GET,http://localhost:8088/static/styles/custom.css,HTTP/1.1,304,2024-12-03 19:44:38
481,127.0.0.1,GET,http://localhost:8088/static/logo.png,HTTP/1.1,304,2024-12-03 19:44:38
482,127.0.0.1,GET,http://localhost:8088/dashboard,HTTP/1.1,200,2024-12-03 19:44:54
483,127.0.0.1,GET,http://localhost:8088/static/styles/bootstrap.min.css,HTTP/1.1,304,2024-12-03 19:44:54
484,127.0.0.1,GET,http://localhost:8088/static/styles/custom.css,HTTP/1.1,304,2024-12-03 19:44:54
485,127.0.0.1,GET,http://localhost:8088/static/logo.png,HTTP/1.1,304,2024-12-03 19:44:54
486,127.0.0.1,GET,http://localhost:8088/static/styles/bootstrap.min.css,HTTP/1.1,304,2024-12-03 19:44:58
487,127.0.0.1,GET,http://localhost:8088/static/styles/custom.css,HTTP/1.1,304,2024-12-03 19:44:58
488,127.0.0.1,GET,http://localhost:8088/static/styles/bootstrap.min.css.map,HTTP/1.1,304,2024-12-03 19:44:58
489,127.0.0.1,GET,http://localhost:8088/dashboard,HTTP/1.1,200,2024-12-03 19:45:24
490,127.0.0.1,GET,http://localhost:8088/static/styles/bootstrap.min.css,HTTP/1.1,304,2024-12-03 19:45:24
491,127.0.0.1,GET,http://localhost:8088/static/styles/custom.css,HTTP/1.1,304,2024-12-03 19:45:25
492,127.0.0.1,GET,http://localhost:8088/static/logo.png,HTTP/1.1,304,2024-12-03 19:45:25
493,127.0.0.1,GET,http://localhost:8088/static/styles/bootstrap.min.css.map,HTTP/1.1,304,2024-12-03 19:45:25
494,127.0.0.1,GET,http://localhost:8088/dashboard,HTTP/1.1,200,2024-12-03 19:45:28
495,127.0.0.1,GET,http://localhost:8088/static/styles/bootstrap.min.css,HTTP/1.1,304,2024-12-03 19:45:28
496,127.0.0.1,GET,http://localhost:8088/static/styles/custom.css,HTTP/1.1,304,2024-12-03 19:45:28
497,127.0.0.1,GET,http://localhost:8088/static/logo.png,HTTP/1.1,304,2024-12-03 19:45:28
498,127.0.0.1,GET,http://localhost:8088/static/styles/bootstrap.min.css.map,HTTP/1.1,304,2024-12-03 19:45:28
499,127.0.0.1,GET,http://localhost:8088/dashboard,HTTP/1.1,200,2024-12-03 19:46:48
500,127.0.0.1,GET,http://localhost:8088/static/styles/bootstrap.min.css,HTTP/1.1,304,2024-12-03 19:46:48
501,127.0.0.1,GET,http://localhost:8088/static/styles/custom.css,HTTP/1.1,304,2024-12-03 19:46:48
502,127.0.0.1,GET,http://localhost:8088/static/logo.png,HTTP/1.1,304,2024-12-03 19:46:48
503,127.0.0.1,GET,http://localhost:8088/static/styles/bootstrap.min.css.map,HTTP/1.1,304,2024-12-03 19:46:48
504,127.0.0.1,GET,http://localhost:8088/dashboard,HTTP/1.1,200,2024-12-03 19:48:48
505,127.0.0.1,GET,http://localhost:8088/static/styles/custom.css,HTTP/1.1,304,2024-12-03 19:48:48
506,127.0.0.1,GET,http://localhost:8088/static/styles/bootstrap.min.css,HTTP/1.1,304,2024-12-03 19:48:48
507,127.0.0.1,GET,http://localhost:8088/static/logo.png,HTTP/1.1,304,2024-12-03 19:48:48
508,127.0.0.1,GET,http://localhost:8088/static/styles/bootstrap.min.css.map,HTTP/1.1,304,2024-12-03 19:48:48
509,127.0.0.1,GET,http://localhost:8088/dashboard,HTTP/1.1,200,2024-12-03 19:51:23
510,127.0.0.1,GET,http://localhost:8088/dashboard,HTTP/1.1,200,2024-12-03 19:51:23
511,127.0.0.1,GET,http://localhost:8088/static/styles/custom.css,HTTP/1.1,304,2024-12-03 19:51:23
512,127.0.0.1,GET,http://localhost:8088/static/styles/bootstrap.min.css,HTTP/1.1,304,2024-12-03 19:51:23
513,127.0.0.1,GET,http://localhost:8088/static/logo.png,HTTP/1.1,304,2024-12-03 19:51:23
514,127.0.0.1,GET,http://localhost:8088/dashboard,HTTP/1.1,200,2024-12-04 00:40:35
515,127.0.0.1,GET,http://localhost:8088/static/styles/bootstrap.min.css,HTTP/1.1,304,2024-12-04 00:40:35
516,127.0.0.1,GET,http://localhost:8088/static/styles/custom.css,HTTP/1.1,304,2024-12-04 00:40:35
517,127.0.0.1,GET,http://localhost:8088/static/logo.png,HTTP/1.1,304,2024-12-04 00:40:35
518,127.0.0.1,GET,http://localhost:8088/,HTTP/1.1,200,2024-12-04 00:40:43
519,127.0.0.1,GET,http://localhost:8088/static/styles/bootstrap.min.css,HTTP/1.1,304,2024-12-04 00:40:43
520,127.0.0.1,GET,http://localhost:8088/static/styles/custom.css,HTTP/1.1,304,2024-12-04 00:40:43
521,127.0.0.1,GET,http://localhost:8088/static/logo.png,HTTP/1.1,304,2024-12-04 00:40:43
522,127.0.0.1,POST,http://localhost:8088/search,HTTP/1.1,200,2024-12-04 00:40:56
523,127.0.0.1,GET,http://localhost:8088/static/styles/bootstrap.min.css,HTTP/1.1,304,2024-12-04 00:40:57
524,127.0.0.1,GET,http://localhost:8088/static/styles/custom.css,HTTP/1.1,304,2024-12-04 00:40:57
525,127.0.0.1,GET,http://localhost:8088/static/logo.png,HTTP/1.1,304,2024-12-04 00:40:57
526,127.0.0.1,POST,http://localhost:8088/clicked_doc?tweet_id=doc_45142&query=farmers%20in%20india&dwell_time=3,HTTP/1.1,204,2024-12-04 00:41:15
527,127.0.0.1,POST,http://localhost:8088/clicked_doc?tweet_id=doc_9450&query=farmers%20in%20india&dwell_time=2,HTTP/1.1,204,2024-12-04 00:41:23
528,127.0.0.1,GET,http://localhost:8088/,HTTP/1.1,200,2024-12-04 00:46:14
529,127.0.0.1,GET,http://localhost:8088/static/styles/custom.css,HTTP/1.1,304,2024-12-04 00:46:14
530,127.0.0.1,GET,http://localhost:8088/static/logo.png,HTTP/1.1,304,2024-12-04 00:46:14
531,127.0.0.1,GET,http://localhost:8088/static/styles/bootstrap.min.css,HTTP/1.1,304,2024-12-04 00:46:14
532,127.0.0.1,GET,http://localhost:8088/,HTTP/1.1,200,2024-12-04 00:58:59
533,127.0.0.1,GET,http://localhost:8088/,HTTP/1.1,200,2024-12-04 01:01:36
534,127.0.0.1,GET,http://localhost:8088/,HTTP/1.1,200,2024-12-04 01:01:36
535,127.0.0.1,GET,http://localhost:8088/dashboard,HTTP/1.1,200,2024-12-04 01:03:27
536,127.0.0.1,GET,http://localhost:8088/static/styles/custom.css,HTTP/1.1,304,2024-12-04 01:03:27
537,127.0.0.1,GET,http://localhost:8088/static/logo.png,HTTP/1.1,304,2024-12-04 01:03:27
538,127.0.0.1,GET,http://localhost:8088/static/styles/bootstrap.min.css,HTTP/1.1,304,2024-12-04 01:03:27
539,127.0.0.1,GET,http://localhost:8088/dashboard,HTTP/1.1,200,2024-12-04 01:04:07
540,127.0.0.1,GET,http://localhost:8088/static/styles/custom.css,HTTP/1.1,304,2024-12-04 01:04:07
541,127.0.0.1,GET,http://localhost:8088/static/logo.png,HTTP/1.1,304,2024-12-04 01:04:07
542,127.0.0.1,GET,http://localhost:8088/static/styles/bootstrap.min.css,HTTP/1.1,304,2024-12-04 01:04:07
543,127.0.0.1,GET,http://localhost:8088/dashboard,HTTP/1.1,200,2024-12-04 01:08:22
544,127.0.0.1,GET,http://localhost:8088/static/styles/custom.css,HTTP/1.1,304,2024-12-04 01:08:22
545,127.0.0.1,GET,http://localhost:8088/static/logo.png,HTTP/1.1,304,2024-12-04 01:08:22
546,127.0.0.1,GET,http://localhost:8088/static/styles/bootstrap.min.css,HTTP/1.1,304,2024-12-04 01:08:22
547,127.0.0.1,GET,http://localhost:8088/dashboard,HTTP/1.1,200,2024-12-04 01:08:48
548,127.0.0.1,GET,http://localhost:8088/static/styles/custom.css,HTTP/1.1,304,2024-12-04 01:08:48
549,127.0.0.1,GET,http://localhost:8088/static/logo.png,HTTP/1.1,304,2024-12-04 01:08:48
550,127.0.0.1,GET,http://localhost:8088/static/styles/bootstrap.min.css,HTTP/1.1,304,2024-12-04 01:08:48
551,127.0.0.1,GET,http://localhost:8088/dashboard,HTTP/1.1,200,2024-12-04 01:08:52
552,127.0.0.1,GET,http://localhost:8088/static/styles/custom.css,HTTP/1.1,304,2024-12-04 01:08:52
553,127.0.0.1,GET,http://localhost:8088/static/logo.png,HTTP/1.1,304,2024-12-04 01:08:52
554,127.0.0.1,GET,http://localhost:8088/static/styles/bootstrap.min.css,HTTP/1.1,304,2024-12-04 01:08:52
555,127.0.0.1,GET,http://localhost:8088/dashboard,HTTP/1.1,200,2024-12-04 01:10:48
556,127.0.0.1,GET,http://localhost:8088/static/styles/custom.css,HTTP/1.1,304,2024-12-04 01:10:48
557,127.0.0.1,GET,http://localhost:8088/static/logo.png,HTTP/1.1,304,2024-12-04 01:10:48
558,127.0.0.1,GET,http://localhost:8088/static/styles/bootstrap.min.css,HTTP/1.1,304,2024-12-04 01:10:48
559,127.0.0.1,GET,http://localhost:8088/,HTTP/1.1,200,2024-12-04 01:11:59
560,127.0.0.1,GET,http://localhost:8088/static/styles/bootstrap.min.css,HTTP/1.1,304,2024-12-04 01:11:59
561,127.0.0.1,GET,http://localhost:8088/static/styles/custom.css,HTTP/1.1,304,2024-12-04 01:11:59
562,127.0.0.1,GET,http://localhost:8088/static/logo.png,HTTP/1.1,304,2024-12-04 01:11:59
563,127.0.0.1,GET,http://localhost:8088/favicon.ico,HTTP/1.1,404,2024-12-04 01:11:59
564,127.0.0.1,GET,http://localhost:8088/dashboard,HTTP/1.1,200,2024-12-04 01:12:03
565,127.0.0.1,GET,http://localhost:8088/static/styles/bootstrap.min.css,HTTP/1.1,304,2024-12-04 01:12:03
566,127.0.0.1,GET,http://localhost:8088/static/styles/custom.css,HTTP/1.1,304,2024-12-04 01:12:03
567,127.0.0.1,GET,http://localhost:8088/static/logo.png,HTTP/1.1,304,2024-12-04 01:12:03
568,127.0.0.1,GET,http://localhost:8088/static/styles/bootstrap.min.css,HTTP/1.1,304,2024-12-04 01:12:07
569,127.0.0.1,GET,http://localhost:8088/static/styles/custom.css,HTTP/1.1,304,2024-12-04 01:12:07
570,127.0.0.1,GET,http://localhost:8088/static/styles/bootstrap.min.css.map,HTTP/1.1,304,2024-12-04 01:12:07
571,127.0.0.1,GET,http://localhost:8088/dashboard,HTTP/1.1,200,2024-12-04 01:15:47
572,127.0.0.1,GET,http://localhost:8088/static/logo.png,HTTP/1.1,304,2024-12-04 01:15:47
573,127.0.0.1,GET,http://localhost:8088/static/styles/custom.css,HTTP/1.1,304,2024-12-04 01:15:47
574,127.0.0.1,GET,http://localhost:8088/static/styles/bootstrap.min.css,HTTP/1.1,304,2024-12-04 01:15:47
575,127.0.0.1,GET,http://localhost:8088/static/styles/bootstrap.min.css.map,HTTP/1.1,304,2024-12-04 01:15:47
576,127.0.0.1,GET,http://localhost:8088/dashboard,HTTP/1.1,200,2024-12-04 01:16:39
577,127.0.0.1,GET,http://localhost:8088/static/styles/custom.css,HTTP/1.1,304,2024-12-04 01:16:39
578,127.0.0.1,GET,http://localhost:8088/static/logo.png,HTTP/1.1,304,2024-12-04 01:16:39
579,127.0.0.1,GET,http://localhost:8088/static/styles/bootstrap.min.css,HTTP/1.1,304,2024-12-04 01:16:39
580,127.0.0.1,GET,http://localhost:8088/dashboard,HTTP/1.1,200,2024-12-04 01:18:09
581,127.0.0.1,GET,http://localhost:8088/static/styles/custom.css,HTTP/1.1,304,2024-12-04 01:18:09
582,127.0.0.1,GET,http://localhost:8088/static/logo.png,HTTP/1.1,304,2024-12-04 01:18:09
583,127.0.0.1,GET,http://localhost:8088/static/styles/bootstrap.min.css,HTTP/1.1,304,2024-12-04 01:18:09
584,192.168.1.117,GET,http://192.168.1.114:8088/,HTTP/1.1,200,2024-12-04 01:19:36
585,192.168.1.117,GET,http://192.168.1.114:8088/static/styles/bootstrap.min.css,HTTP/1.1,200,2024-12-04 01:19:36
586,192.168.1.117,GET,http://192.168.1.114:8088/static/styles/custom.css,HTTP/1.1,200,2024-12-04 01:19:36
587,192.168.1.117,GET,http://192.168.1.114:8088/static/logo.png,HTTP/1.1,200,2024-12-04 01:19:36
588,192.168.1.117,GET,http://192.168.1.114:8088/favicon.ico,HTTP/1.1,404,2024-12-04 01:19:36
589,127.0.0.1,GET,http://localhost:8088/dashboard,HTTP/1.1,200,2024-12-04 01:19:44
590,127.0.0.1,GET,http://localhost:8088/static/styles/custom.css,HTTP/1.1,304,2024-12-04 01:19:44
591,127.0.0.1,GET,http://localhost:8088/static/logo.png,HTTP/1.1,304,2024-12-04 01:19:44
592,127.0.0.1,GET,http://localhost:8088/static/styles/bootstrap.min.css,HTTP/1.1,304,2024-12-04 01:19:44
